{
  "run_id": "65a2520b-6860-44d5-9ba4-50b748e2c1e1",
  "model_key": "rf",
  "tune": false,
  "n_trials": 30,
  "timestamp": 1757300501.258514,
  "metrics": {
    "rmse": 0.05756864680016858,
    "mae": 0.044407020520583436
  },
  "duration_sec": 0.15279078483581543
}