{
  "run_id": "46d76544-fcfe-4acb-ae39-a50183279b3c",
  "model_key": "lgbm",
  "tune": false,
  "n_trials": 30,
  "timestamp": 1757518977.5658996,
  "metrics": {
    "rmse": 0.05759516476484781,
    "mae": 0.043444582349336666
  },
  "duration_sec": 0.02385568618774414
}