{
  "run_id": "7d1c0462-b911-461a-93b5-471f01591e5f",
  "model_key": "rf",
  "tune": false,
  "n_trials": 30,
  "timestamp": 1757518973.9026394,
  "metrics": {
    "rmse": 0.055770201407265345,
    "mae": 0.04330504411826535
  },
  "duration_sec": 0.13675332069396973
}