{
  "run_id": "48980e7c-fe28-4697-9655-c5c28c651326",
  "model_key": "rf",
  "tune": false,
  "n_trials": 30,
  "timestamp": 1757300713.5499666,
  "metrics": {
    "rmse": 0.05690327464458578,
    "mae": 0.04368450543885983
  },
  "duration_sec": 0.13076114654541016
}