{
  "run_id": "7417455c-166c-4dc5-8d7a-375b2d55121a",
  "model_key": "xgb",
  "tune": false,
  "n_trials": 30,
  "timestamp": 1757518972.9112203,
  "metrics": {
    "rmse": 0.06870366245063057,
    "mae": 0.05130823856709779
  },
  "duration_sec": 0.03361248970031738
}