{
  "run_id": "61181747-29bb-4388-a8ae-8b889575ab85",
  "model_key": "rf",
  "tune": false,
  "n_trials": 30,
  "timestamp": 1757518972.724191,
  "metrics": {
    "rmse": 0.0602593383300244,
    "mae": 0.045674238617148755
  },
  "duration_sec": 0.1198117733001709
}