{
  "run_id": "778bc279-0463-4575-9280-2b6fa14e519b",
  "model_key": "rf",
  "tune": false,
  "n_trials": 30,
  "timestamp": 1757300712.924133,
  "metrics": {
    "rmse": 0.05621061043994453,
    "mae": 0.04339775557349542
  },
  "duration_sec": 0.13195133209228516
}