{
  "run_id": "7a848fce-02f0-4c21-bcf3-f4c709b70024",
  "model_key": "lgbm",
  "tune": false,
  "n_trials": 30,
  "timestamp": 1757518975.9376113,
  "metrics": {
    "rmse": 0.055389750867605246,
    "mae": 0.0434147308681521
  },
  "duration_sec": 0.024798870086669922
}