{
  "run_id": "630ff17b-a0b9-43ea-b613-fa03d2449206",
  "model_key": "lgbm",
  "tune": false,
  "n_trials": 30,
  "timestamp": 1757518979.331107,
  "metrics": {
    "rmse": 0.053958784645893834,
    "mae": 0.042256569345420145
  },
  "duration_sec": 0.025446176528930664
}