{
  "run_id": "85773784-34a7-4d30-808e-568872524c95",
  "model_key": "xgb",
  "tune": false,
  "n_trials": 30,
  "timestamp": 1757300712.4786682,
  "metrics": {
    "rmse": 0.06292752229365393,
    "mae": 0.048512243356555906
  },
  "duration_sec": 0.08005142211914062
}