{
  "run_id": "53038e7c-2267-4d0f-8302-134572638cf8",
  "model_key": "rf",
  "tune": false,
  "n_trials": 30,
  "timestamp": 1757518979.0529408,
  "metrics": {
    "rmse": 0.059668239648019865,
    "mae": 0.04740453456427993
  },
  "duration_sec": 0.16263103485107422
}