{
  "run_id": "6bb16e6b-446f-4523-8672-991de6214966",
  "model_key": "rf",
  "tune": false,
  "n_trials": 30,
  "timestamp": 1757517754.318941,
  "metrics": {
    "rmse": 0.05897148234374617,
    "mae": 0.04592997241370113
  },
  "duration_sec": 0.1629621982574463
}