{
  "run_id": "1c192d19-6a70-4c28-87db-08cd06385e3f",
  "model_key": "rf",
  "tune": false,
  "n_trials": 30,
  "timestamp": 1757300499.6429274,
  "metrics": {
    "rmse": 0.06043370301578055,
    "mae": 0.04563547107146501
  },
  "duration_sec": 0.12250828742980957
}