{
  "run_id": "36f864a3-d3c5-468c-bdb9-716d46c7d6ba",
  "model_key": "xgb",
  "tune": false,
  "n_trials": 30,
  "timestamp": 1757515981.323066,
  "metrics": {
    "rmse": 0.06292752229365393,
    "mae": 0.048512243356555906
  },
  "duration_sec": 0.061077117919921875
}