{
  "run_id": "cce949d8-7a44-4932-a159-7118703d3fa3",
  "model_key": "lgbm",
  "tune": false,
  "n_trials": 30,
  "timestamp": 1757517752.8092139,
  "metrics": {
    "rmse": 0.05759516476484781,
    "mae": 0.043444582349336666
  },
  "duration_sec": 0.023935794830322266
}