{
  "run_id": "964a12c5-b205-4d03-9e95-acb8e98890e3",
  "model_key": "xgb",
  "tune": false,
  "n_trials": 30,
  "timestamp": 1757300500.7305837,
  "metrics": {
    "rmse": 0.061636184813424144,
    "mae": 0.04793872585683395
  },
  "duration_sec": 0.037735939025878906
}