{
  "run_id": "72823a0c-5916-42f4-9186-94ffe9046449",
  "model_key": "xgb",
  "tune": false,
  "n_trials": 30,
  "timestamp": 1757515984.1777446,
  "metrics": {
    "rmse": 0.06229681419610465,
    "mae": 0.04731917997937062
  },
  "duration_sec": 0.043077707290649414
}