{
  "run_id": "92481660-0a3d-40a6-93b7-d1b5bc701d14",
  "model_key": "rf",
  "tune": false,
  "n_trials": 30,
  "timestamp": 1757300712.3458512,
  "metrics": {
    "rmse": 0.058305579582918106,
    "mae": 0.04615646243935458
  },
  "duration_sec": 0.10548830032348633
}