{
  "run_id": "e705a034-52c3-47df-859e-68c38c26bb3f",
  "model_key": "xgb",
  "tune": false,
  "n_trials": 30,
  "timestamp": 1757300714.412991,
  "metrics": {
    "rmse": 0.06495434586662388,
    "mae": 0.05165810806994422
  },
  "duration_sec": 0.03255128860473633
}